drug_id,drug_name,gene_id,gene_symbol,disease_id,disease_name
CHEMBL6,INDOMETHACIN,5742,PTGS1,DOID:1612,breast cancer
CHEMBL421,SULFASALAZINE,5742,PTGS1,DOID:1612,breast cancer
CHEMBL25,ASPIRIN,5742,PTGS1,DOID:1612,breast cancer
CHEMBL521,IBUPROFEN,5742,PTGS1,DOID:1612,breast cancer
CHEMBL13376,CLOMETACIN,5742,PTGS1,DOID:1612,breast cancer
CHEMBL527,PIROXICAM,5742,PTGS1,DOID:1612,breast cancer
CHEMBL101,PHENYLBUTAZONE,5742,PTGS1,DOID:1612,breast cancer
CHEMBL563,FLURBIPROFEN,5742,PTGS1,DOID:1612,breast cancer
CHEMBL112,ACETAMINOPHEN,5742,PTGS1,DOID:1612,breast cancer
CHEMBL15770,SULINDAC,5742,PTGS1,DOID:1612,breast cancer
CHEMBL15677,FENCLOFENAC,5742,PTGS1,DOID:1612,breast cancer
CHEMBL571,KETOPROFEN,5742,PTGS1,DOID:1612,breast cancer
CHEMBL15870,INDOPROFEN,5742,PTGS1,DOID:1612,breast cancer
CHEMBL19299,LOXOPROFEN,5742,PTGS1,DOID:1612,breast cancer
CHEMBL139,DICLOFENAC,5742,PTGS1,DOID:1612,breast cancer
CHEMBL686,MEFENAMIC ACID,5742,PTGS1,DOID:1612,breast cancer
CHEMBL704,MESALAMINE,5742,PTGS1,DOID:1612,breast cancer
CHEMBL154,NAPROXEN,5742,PTGS1,DOID:1612,breast cancer
CHEMBL898,DIFLUNISAL,5742,PTGS1,DOID:1612,breast cancer
CHEMBL53292,ISOXICAM,5742,PTGS1,DOID:1612,breast cancer
CHEMBL956,SUPROFEN,5742,PTGS1,DOID:1612,breast cancer
CHEMBL75435,DEXKETOPROFEN,5742,PTGS1,DOID:1612,breast cancer
CHEMBL1021,NEPAFENAC,5742,PTGS1,DOID:1612,breast cancer
CHEMBL1034,DICLOFENAC SODIUM,5742,PTGS1,DOID:1612,breast cancer
CHEMBL1071,OXAPROZIN,5742,PTGS1,DOID:1612,breast cancer
CHEMBL94081,ALCLOFENAC,5742,PTGS1,DOID:1612,breast cancer
CHEMBL1120,BISMUTH SUBSALICYLATE,5742,PTGS1,DOID:1612,breast cancer
CHEMBL341812,IBUFENAC,5742,PTGS1,DOID:1612,breast cancer
CHEMBL146095,GLAFENINE,5742,PTGS1,DOID:1612,breast cancer
CHEMBL188952,PIRPROFEN,5742,PTGS1,DOID:1612,breast cancer
CHEMBL435298,ESFLURBIPROFEN,5742,PTGS1,DOID:1612,breast cancer
CHEMBL175,DEXIBUPROFEN,5742,PTGS1,DOID:1612,breast cancer
CHEMBL259972,MOFEZOLAC,5742,PTGS1,DOID:1612,breast cancer
CHEMBL1200463,OXAPROZIN POTASSIUM,5742,PTGS1,DOID:1612,breast cancer
CHEMBL1200613,TOLMETIN SODIUM,5742,PTGS1,DOID:1612,breast cancer
CHEMBL1200760,BALSALAZIDE DISODIUM,5742,PTGS1,DOID:1612,breast cancer
CHEMBL1200804,DICLOFENAC POTASSIUM,5742,PTGS1,DOID:1612,breast cancer
CHEMBL1200806,NAPROXEN SODIUM,5742,PTGS1,DOID:1612,breast cancer
CHEMBL1201013,OLSALAZINE SODIUM,5742,PTGS1,DOID:1612,breast cancer
CHEMBL1201124,KETOROLAC TROMETHAMINE,5742,PTGS1,DOID:1612,breast cancer
CHEMBL1201141,IBUPROFEN LYSINE,5742,PTGS1,DOID:1612,breast cancer
CHEMBL1201180,DICLOFENAC EPOLAMINE,5742,PTGS1,DOID:1612,breast cancer
CHEMBL1562610,MECLOFENAMATE SODIUM,5742,PTGS1,DOID:1612,breast cancer
CHEMBL2103736,FENOPROFEN CALCIUM,5742,PTGS1,DOID:1612,breast cancer
CHEMBL3181947,BROMFENAC SODIUM,5742,PTGS1,DOID:1612,breast cancer
CHEMBL3989408,IBUPROFEN SODIUM,5742,PTGS1,DOID:1612,breast cancer
CHEMBL3989410,INDOMETHACIN SODIUM,5742,PTGS1,DOID:1612,breast cancer
CHEMBL3989676,OXYPHENBUTAZONE,5742,PTGS1,DOID:1612,breast cancer
CHEMBL3989754,FLURBIPROFEN SODIUM,5742,PTGS1,DOID:1612,breast cancer
CHEMBL3989803,DIPYRONE,5742,PTGS1,DOID:1612,breast cancer
CHEMBL256997,ATALUREN,6191,RPS4X,DOID:1612,breast cancer
CHEMBL2108594,EPTOTERMIN ALFA,659,BMPR2,DOID:1612,breast cancer
CHEMBL2109171,DIBOTERMIN ALFA,659,BMPR2,DOID:1612,breast cancer
CHEMBL24828,VANDETANIB,2050,EPHB4,DOID:1612,breast cancer
CHEMBL103,PROGESTERONE,5241,PGR,DOID:1612,breast cancer
CHEMBL717,MEDROXYPROGESTERONE ACETATE,5241,PGR,DOID:1612,breast cancer
CHEMBL110691,CHLORMADINONE ACETATE,5241,PGR,DOID:1612,breast cancer
CHEMBL1162,NORETHINDRONE,5241,PGR,DOID:1612,breast cancer
CHEMBL1387,NORETHYNODREL,5241,PGR,DOID:1612,breast cancer
CHEMBL1389,LEVONORGESTREL,5241,PGR,DOID:1612,breast cancer
CHEMBL1479,DANAZOL,5241,PGR,DOID:1612,breast cancer
CHEMBL1509,DROSPIRENONE,5241,PGR,DOID:1612,breast cancer
CHEMBL1531,ETONOGESTREL,5241,PGR,DOID:1612,breast cancer
CHEMBL1533,DESOGESTREL,5241,PGR,DOID:1612,breast cancer
CHEMBL260538,ULIPRISTAL ACETATE,5241,PGR,DOID:1612,breast cancer
CHEMBL1200624,ETHYNODIOL DIACETATE,5241,PGR,DOID:1612,breast cancer
CHEMBL1200807,NORELGESTROMIN,5241,PGR,DOID:1612,breast cancer
CHEMBL1200848,HYDROXYPROGESTERONE CAPROATE,5241,PGR,DOID:1612,breast cancer
CHEMBL1200853,DYDROGESTERONE,5241,PGR,DOID:1612,breast cancer
CHEMBL1200934,NORGESTIMATE,5241,PGR,DOID:1612,breast cancer
CHEMBL1201139,MEGESTROL ACETATE,5241,PGR,DOID:1612,breast cancer
CHEMBL1201146,NORETHINDRONE ACETATE,5241,PGR,DOID:1612,breast cancer
CHEMBL1276308,MIFEPRISTONE,5241,PGR,DOID:1612,breast cancer
CHEMBL2107797,NORGESTREL,5241,PGR,DOID:1612,breast cancer
CHEMBL3707377,SEGESTERONE ACETATE,5241,PGR,DOID:1612,breast cancer
CHEMBL43,AMSACRINE,7153,TOP2A,DOID:1612,breast cancer
CHEMBL44657,ETOPOSIDE,7153,TOP2A,DOID:1612,breast cancer
CHEMBL178,DAUNORUBICIN,7153,TOP2A,DOID:1612,breast cancer
CHEMBL1563,DAUNORUBICIN HYDROCHLORIDE,7153,TOP2A,DOID:1612,breast cancer
CHEMBL452231,TENIPOSIDE,7153,TOP2A,DOID:1612,breast cancer
CHEMBL359744,DOXORUBICIN HYDROCHLORIDE,7153,TOP2A,DOID:1612,breast cancer
CHEMBL1738,DEXRAZOXANE,7153,TOP2A,DOID:1612,breast cancer
CHEMBL1096885,VALRUBICIN,7153,TOP2A,DOID:1612,breast cancer
CHEMBL1200475,DAUNORUBICIN CITRATE,7153,TOP2A,DOID:1612,breast cancer
CHEMBL1200645,ETOPOSIDE PHOSPHATE,7153,TOP2A,DOID:1612,breast cancer
CHEMBL1200778,DEXRAZOXANE HYDROCHLORIDE,7153,TOP2A,DOID:1612,breast cancer
CHEMBL1200976,IDARUBICIN HYDROCHLORIDE,7153,TOP2A,DOID:1612,breast cancer
CHEMBL1417019,MITOXANTRONE HYDROCHLORIDE,7153,TOP2A,DOID:1612,breast cancer
CHEMBL288441,BOSUTINIB,25,ABL1,DOID:1612,breast cancer
CHEMBL1421,DASATINIB ANHYDROUS,25,ABL1,DOID:1612,breast cancer
CHEMBL1642,IMATINIB MESYLATE,25,ABL1,DOID:1612,breast cancer
CHEMBL1201740,NILOTINIB HYDROCHLORIDE MONOHYDRATE,25,ABL1,DOID:1612,breast cancer
CHEMBL1946170,REGORAFENIB,25,ABL1,DOID:1612,breast cancer
CHEMBL2095206,BOSUTINIB MONOHYDRATE,25,ABL1,DOID:1612,breast cancer
CHEMBL2105708,PONATINIB HYDROCHLORIDE,25,ABL1,DOID:1612,breast cancer
CHEMBL3989869,UMBRALISIB TOSYLATE,25,ABL1,DOID:1612,breast cancer
CHEMBL4208229,ASCIMINIB,25,ABL1,DOID:1612,breast cancer
CHEMBL4297220,ASCIMINIB HYDROCHLORIDE,25,ABL1,DOID:1612,breast cancer
CHEMBL5416410,DASATINIB,25,ABL1,DOID:1612,breast cancer
CHEMBL1116,RALOXIFENE HYDROCHLORIDE,2100,ESR2,DOID:1612,breast cancer
CHEMBL328190,LASOFOXIFENE,2100,ESR2,DOID:1612,breast cancer
CHEMBL141305,CYCLOFENIL,2100,ESR2,DOID:1612,breast cancer
CHEMBL193482,ESTRIOL,2100,ESR2,DOID:1612,breast cancer
CHEMBL1200598,DIETHYLSTILBESTROL DIPHOSPHATE,2100,ESR2,DOID:1612,breast cancer
CHEMBL1200675,TOREMIFENE CITRATE,2100,ESR2,DOID:1612,breast cancer
CHEMBL1200721,ESTRAMUSTINE PHOSPHATE SODIUM,2100,ESR2,DOID:1612,breast cancer
CHEMBL1200761,CHLOROTRIANISENE,2100,ESR2,DOID:1612,breast cancer
CHEMBL1201165,QUINESTROL,2100,ESR2,DOID:1612,breast cancer
CHEMBL1201466,"ESTROGENS, CONJUGATED SYNTHETIC A",2100,ESR2,DOID:1612,breast cancer
CHEMBL1201468,"ESTROGENS, ESTERIFIED",2100,ESR2,DOID:1612,breast cancer
CHEMBL1201467,"SYNTHETIC CONJUGATED ESTROGENS, B",2100,ESR2,DOID:1612,breast cancer
CHEMBL1201649,"ESTROGENS, CONJUGATED",2100,ESR2,DOID:1612,breast cancer
CHEMBL2105395,OSPEMIFENE,2100,ESR2,DOID:1612,breast cancer
CHEMBL2106615,BAZEDOXIFENE ACETATE,2100,ESR2,DOID:1612,breast cancer
CHEMBL6067998,LASOFOXIFENE TARTRATE,2100,ESR2,DOID:1612,breast cancer
CHEMBL6068423,ESTETROL,2100,ESR2,DOID:1612,breast cancer
CHEMBL3137301,SACUBITRIL,4311,MME,DOID:1612,breast cancer
CHEMBL163,RITONAVIR,1576,CYP3A4,DOID:1612,breast cancer
CHEMBL2095208,COBICISTAT,1576,CYP3A4,DOID:1612,breast cancer
CHEMBL1371,CHLORZOXAZONE,3783,KCNN4,DOID:1612,breast cancer
CHEMBL1201420,UROKINASE,5328,PLAU,DOID:1612,breast cancer
CHEMBL4535757,SOTORASIB,3845,KRAS,DOID:1612,breast cancer
CHEMBL4594350,ADAGRASIB,3845,KRAS,DOID:1612,breast cancer
CHEMBL488,AMINOGLUTETHIMIDE,1588,CYP19A1,DOID:1612,breast cancer
CHEMBL1399,ANASTROZOLE,1588,CYP19A1,DOID:1612,breast cancer
CHEMBL1444,LETROZOLE,1588,CYP19A1,DOID:1612,breast cancer
CHEMBL1571,TESTOLACTONE,1588,CYP19A1,DOID:1612,breast cancer
CHEMBL1200374,EXEMESTANE,1588,CYP19A1,DOID:1612,breast cancer
CHEMBL877,TRANEXAMIC ACID,5340,PLG,DOID:1612,breast cancer
CHEMBL1046,AMINOCAPROIC ACID,5340,PLG,DOID:1612,breast cancer
CHEMBL1201619,APROTININ,5340,PLG,DOID:1612,breast cancer
CHEMBL2108147,STREPTOKINASE,5340,PLG,DOID:1612,breast cancer
CHEMBL3707226,DEFIBROTIDE SODIUM,5340,PLG,DOID:1612,breast cancer
CHEMBL3237547,CEDAZURIDINE,978,CDA,DOID:1612,breast cancer
CHEMBL4594328,BEREMAGENE GEPERPAVEC,1294,COL7A1,DOID:1612,breast cancer
CHEMBL535,SUNITINIB,3791,KDR,DOID:1612,breast cancer
CHEMBL24828,VANDETANIB,3791,KDR,DOID:1612,breast cancer
CHEMBL1567,SUNITINIB MALATE,3791,KDR,DOID:1612,breast cancer
CHEMBL608533,MIDOSTAURIN,3791,KDR,DOID:1612,breast cancer
CHEMBL1200485,SORAFENIB TOSYLATE,3791,KDR,DOID:1612,breast cancer
CHEMBL1201733,PAZOPANIB HYDROCHLORIDE,3791,KDR,DOID:1612,breast cancer
CHEMBL1289494,TIVOZANIB,3791,KDR,DOID:1612,breast cancer
CHEMBL1289926,AXITINIB,3791,KDR,DOID:1612,breast cancer
CHEMBL1743062,RAMUCIRUMAB,3791,KDR,DOID:1612,breast cancer
CHEMBL1946170,REGORAFENIB,3791,KDR,DOID:1612,breast cancer
CHEMBL2103868,CABOZANTINIB S-MALATE,3791,KDR,DOID:1612,breast cancer
CHEMBL2105704,LENVATINIB MESYLATE,3791,KDR,DOID:1612,breast cancer
CHEMBL2105756,TIVOZANIB HYDROCHLORIDE,3791,KDR,DOID:1612,breast cancer
CHEMBL3039504,NINTEDANIB ESYLATE,3791,KDR,DOID:1612,breast cancer
CHEMBL4303214,FRUQUINTINIB,3791,KDR,DOID:1612,breast cancer
CHEMBL3348923,TOVORAFENIB,369,ARAF,DOID:1612,breast cancer
CHEMBL1743029,IBALIZUMAB,920,CD4,DOID:1612,breast cancer
CHEMBL3137309,VENETOCLAX,596,BCL2,DOID:1612,breast cancer
CHEMBL24828,VANDETANIB,2066,ERBB4,DOID:1612,breast cancer
CHEMBL180022,NERATINIB,2066,ERBB4,DOID:1612,breast cancer
CHEMBL2105712,AFATINIB DIMALEATE,2066,ERBB4,DOID:1612,breast cancer
CHEMBL2105719,DACOMITINIB,2066,ERBB4,DOID:1612,breast cancer
CHEMBL2110732,DACOMITINIB ANHYDROUS,2066,ERBB4,DOID:1612,breast cancer
CHEMBL3989921,NERATINIB MALEATE,2066,ERBB4,DOID:1612,breast cancer
CHEMBL16,PHENYTOIN,6336,SCN10A,DOID:1612,breast cancer
CHEMBL79,LIDOCAINE,6336,SCN10A,DOID:1612,breast cancer
CHEMBL108,CARBAMAZEPINE,6336,SCN10A,DOID:1612,breast cancer
CHEMBL605,PROCAINAMIDE HYDROCHLORIDE,6336,SCN10A,DOID:1612,breast cancer
CHEMBL698,TETRACAINE,6336,SCN10A,DOID:1612,breast cancer
CHEMBL741,LAMOTRIGINE,6336,SCN10A,DOID:1612,breast cancer
CHEMBL744,RILUZOLE,6336,SCN10A,DOID:1612,breast cancer
CHEMBL750,ZONISAMIDE,6336,SCN10A,DOID:1612,breast cancer
CHEMBL856,PRIMIDONE,6336,SCN10A,DOID:1612,breast cancer
CHEMBL861,MEPHENYTOIN,6336,SCN10A,DOID:1612,breast cancer
CHEMBL918,PHENACEMIDE,6336,SCN10A,DOID:1612,breast cancer
CHEMBL919,FOSPHENYTOIN SODIUM,6336,SCN10A,DOID:1612,breast cancer
CHEMBL58323,LACOSAMIDE,6336,SCN10A,DOID:1612,breast cancer
CHEMBL944,CHLOROPROCAINE HYDROCHLORIDE,6336,SCN10A,DOID:1612,breast cancer
CHEMBL1068,OXCARBAZEPINE,6336,SCN10A,DOID:1612,breast cancer
CHEMBL87992,ESLICARBAZEPINE ACETATE,6336,SCN10A,DOID:1612,breast cancer
CHEMBL1095,ETHOTOIN,6336,SCN10A,DOID:1612,breast cancer
CHEMBL1194,PRILOCAINE,6336,SCN10A,DOID:1612,breast cancer
CHEMBL220492,TOPIRAMATE,6336,SCN10A,DOID:1612,breast cancer
CHEMBL529437,COCAINE HYDROCHLORIDE,6336,SCN10A,DOID:1612,breast cancer
CHEMBL1611,PHENYTOIN SODIUM,6336,SCN10A,DOID:1612,breast cancer
CHEMBL1769,PROPOXYCAINE HYDROCHLORIDE,6336,SCN10A,DOID:1612,breast cancer
CHEMBL1200334,MORICIZINE HYDROCHLORIDE,6336,SCN10A,DOID:1612,breast cancer
CHEMBL1200341,INDECAINIDE HYDROCHLORIDE,6336,SCN10A,DOID:1612,breast cancer
CHEMBL1200395,ORPHENADRINE CITRATE,6336,SCN10A,DOID:1612,breast cancer
CHEMBL1200409,LIDOCAINE HYDROCHLORIDE,6336,SCN10A,DOID:1612,breast cancer
CHEMBL1200437,QUINIDINE GLUCONATE,6336,SCN10A,DOID:1612,breast cancer
CHEMBL1200440,MEPIVACAINE HYDROCHLORIDE,6336,SCN10A,DOID:1612,breast cancer
CHEMBL1200443,MERETHOXYLLINE PROCAINE,6336,SCN10A,DOID:1612,breast cancer
CHEMBL1200464,PROPARACAINE HYDROCHLORIDE,6336,SCN10A,DOID:1612,breast cancer
CHEMBL1200478,DYCLONINE HYDROCHLORIDE,6336,SCN10A,DOID:1612,breast cancer
CHEMBL1200586,PRILOCAINE HYDROCHLORIDE,6336,SCN10A,DOID:1612,breast cancer
CHEMBL1200597,ETIDOCAINE HYDROCHLORIDE,6336,SCN10A,DOID:1612,breast cancer
CHEMBL1200606,MEXILETINE HYDROCHLORIDE,6336,SCN10A,DOID:1612,breast cancer
CHEMBL1200612,DIBUCAINE HYDROCHLORIDE,6336,SCN10A,DOID:1612,breast cancer
CHEMBL1200654,BENOXINATE HYDROCHLORIDE,6336,SCN10A,DOID:1612,breast cancer
CHEMBL1200715,HEXYLCAINE HYDROCHLORIDE,6336,SCN10A,DOID:1612,breast cancer
CHEMBL1200773,TOCAINIDE HYDROCHLORIDE,6336,SCN10A,DOID:1612,breast cancer
CHEMBL1200819,ARTICAINE HYDROCHLORIDE,6336,SCN10A,DOID:1612,breast cancer
CHEMBL1200841,PROCAINE HYDROCHLORIDE,6336,SCN10A,DOID:1612,breast cancer
CHEMBL1201020,DISOPYRAMIDE PHOSPHATE,6336,SCN10A,DOID:1612,breast cancer
CHEMBL1201022,PHENAZOPYRIDINE HYDROCHLORIDE,6336,SCN10A,DOID:1612,breast cancer
CHEMBL1201023,ORPHENADRINE HYDROCHLORIDE,6336,SCN10A,DOID:1612,breast cancer
CHEMBL1201063,PROPAFENONE HYDROCHLORIDE,6336,SCN10A,DOID:1612,breast cancer
CHEMBL1201486,QUINIDINE POLYGALACTURONATE,6336,SCN10A,DOID:1612,breast cancer
CHEMBL1201729,DRONEDARONE HYDROCHLORIDE,6336,SCN10A,DOID:1612,breast cancer
CHEMBL1201754,RUFINAMIDE,6336,SCN10A,DOID:1612,breast cancer
CHEMBL1255654,TETRACAINE HYDROCHLORIDE,6336,SCN10A,DOID:1612,breast cancer
CHEMBL1889140,ROPIVACAINE HYDROCHLORIDE,6336,SCN10A,DOID:1612,breast cancer
CHEMBL2106155,ENCAINIDE HYDROCHLORIDE,6336,SCN10A,DOID:1612,breast cancer
CHEMBL3707183,QUINIDINE SULFATE,6336,SCN10A,DOID:1612,breast cancer
CHEMBL3989949,CENOBAMATE,6336,SCN10A,DOID:1612,breast cancer
CHEMBL5315125,DUVELISIB MONOHYDRATE,5294,PIK3CG,DOID:1612,breast cancer
CHEMBL628,PENTOXIFYLLINE,5138,PDE2A,DOID:1612,breast cancer
CHEMBL932,DIPYRIDAMOLE,5138,PDE2A,DOID:1612,breast cancer
CHEMBL2108702,IMETELSTAT SODIUM,7015,TERT,DOID:1612,breast cancer
CHEMBL411,DIETHYLSTILBESTROL,2099,ESR1,DOID:1612,breast cancer
CHEMBL81,RALOXIFENE,2099,ESR1,DOID:1612,breast cancer
CHEMBL135,ESTRADIOL,2099,ESR1,DOID:1612,breast cancer
CHEMBL691,ETHINYL ESTRADIOL,2099,ESR1,DOID:1612,breast cancer
CHEMBL786,TAMOXIFEN CITRATE,2099,ESR1,DOID:1612,breast cancer
CHEMBL1018,DIENESTROL,2099,ESR1,DOID:1612,breast cancer
CHEMBL328190,LASOFOXIFENE,2099,ESR1,DOID:1612,breast cancer
CHEMBL141305,CYCLOFENIL,2099,ESR1,DOID:1612,breast cancer
CHEMBL1358,FULVESTRANT,2099,ESR1,DOID:1612,breast cancer
CHEMBL193482,ESTRIOL,2099,ESR1,DOID:1612,breast cancer
CHEMBL1405,ESTRONE,2099,ESR1,DOID:1612,breast cancer
CHEMBL1511,ESTRADIOL VALERATE,2099,ESR1,DOID:1612,breast cancer
CHEMBL1200430,ESTRADIOL ACETATE,2099,ESR1,DOID:1612,breast cancer
CHEMBL1200598,DIETHYLSTILBESTROL DIPHOSPHATE,2099,ESR1,DOID:1612,breast cancer
CHEMBL1200675,TOREMIFENE CITRATE,2099,ESR1,DOID:1612,breast cancer
CHEMBL1200973,ESTRADIOL CYPIONATE,2099,ESR1,DOID:1612,breast cancer
CHEMBL1200980,ESTROPIPATE,2099,ESR1,DOID:1612,breast cancer
CHEMBL1201151,MESTRANOL,2099,ESR1,DOID:1612,breast cancer
CHEMBL1201165,QUINESTROL,2099,ESR1,DOID:1612,breast cancer
CHEMBL1201477,POLYESTRADIOL PHOSPHATE,2099,ESR1,DOID:1612,breast cancer
CHEMBL1201466,"ESTROGENS, CONJUGATED SYNTHETIC A",2099,ESR1,DOID:1612,breast cancer
CHEMBL1201468,"ESTROGENS, ESTERIFIED",2099,ESR1,DOID:1612,breast cancer
CHEMBL1201467,"SYNTHETIC CONJUGATED ESTROGENS, B",2099,ESR1,DOID:1612,breast cancer
CHEMBL1201649,"ESTROGENS, CONJUGATED",2099,ESR1,DOID:1612,breast cancer
CHEMBL2105395,OSPEMIFENE,2099,ESR1,DOID:1612,breast cancer
CHEMBL2106615,BAZEDOXIFENE ACETATE,2099,ESR1,DOID:1612,breast cancer
CHEMBL3185958,CLOMIPHENE CITRATE,2099,ESR1,DOID:1612,breast cancer
CHEMBL4297509,ELACESTRANT,2099,ESR1,DOID:1612,breast cancer
CHEMBL4594273,ELACESTRANT HYDROCHLORIDE,2099,ESR1,DOID:1612,breast cancer
CHEMBL6067998,LASOFOXIFENE TARTRATE,2099,ESR1,DOID:1612,breast cancer
CHEMBL6068423,ESTETROL,2099,ESR1,DOID:1612,breast cancer
CHEMBL1789844,IPILIMUMAB,1493,CTLA4,DOID:1612,breast cancer
CHEMBL2108658,TREMELIMUMAB,1493,CTLA4,DOID:1612,breast cancer
CHEMBL2107857,METRELEPTIN,3953,LEPR,DOID:1612,breast cancer
CHEMBL2396661,ALPELISIB,5290,PIK3CA,DOID:1612,breast cancer
CHEMBL3218576,COPANLISIB,5290,PIK3CA,DOID:1612,breast cancer
CHEMBL3545068,COPANLISIB HYDROCHLORIDE,5290,PIK3CA,DOID:1612,breast cancer
CHEMBL4650215,INAVOLISIB,5290,PIK3CA,DOID:1612,breast cancer
CHEMBL189963,PALBOCICLIB,1019,CDK4,DOID:1612,breast cancer
CHEMBL3301610,ABEMACICLIB,1019,CDK4,DOID:1612,breast cancer
CHEMBL3545110,RIBOCICLIB,1019,CDK4,DOID:1612,breast cancer
CHEMBL3707266,RIBOCICLIB SUCCINATE,1019,CDK4,DOID:1612,breast cancer
CHEMBL3894860,TRILACICLIB,1019,CDK4,DOID:1612,breast cancer
CHEMBL4650272,TRILACICLIB DIHYDROCHLORIDE,1019,CDK4,DOID:1612,breast cancer
CHEMBL2095222,OCRIPLASMIN,2335,FN1,DOID:1612,breast cancer
CHEMBL1200485,SORAFENIB TOSYLATE,5894,RAF1,DOID:1612,breast cancer
CHEMBL1946170,REGORAFENIB,5894,RAF1,DOID:1612,breast cancer
CHEMBL3348923,TOVORAFENIB,5894,RAF1,DOID:1612,breast cancer
CHEMBL3039545,LUSPATERCEPT,7040,TGFB1,DOID:1612,breast cancer
CHEMBL917,FLOXURIDINE,7298,TYMS,DOID:1612,breast cancer
CHEMBL185,FLUOROURACIL,7298,TYMS,DOID:1612,breast cancer
CHEMBL225071,RALTITREXED,7298,TYMS,DOID:1612,breast cancer
CHEMBL225072,PEMETREXED,7298,TYMS,DOID:1612,breast cancer
CHEMBL1773,CAPECITABINE,7298,TYMS,DOID:1612,breast cancer
CHEMBL2360464,PEMETREXED DISODIUM,7298,TYMS,DOID:1612,breast cancer
CHEMBL5315053,PEMETREXED MONOHYDRATE,7298,TYMS,DOID:1612,breast cancer
CHEMBL515914,AZARIBINE,7372,UMPS,DOID:1612,breast cancer
CHEMBL38,TRETINOIN,5915,RARB,DOID:1612,breast cancer
CHEMBL464,ETRETINATE,5915,RARB,DOID:1612,breast cancer
CHEMBL547,ISOTRETINOIN,5915,RARB,DOID:1612,breast cancer
CHEMBL705,ALITRETINOIN,5915,RARB,DOID:1612,breast cancer
CHEMBL25202,TAMIBAROTENE,5915,RARB,DOID:1612,breast cancer
CHEMBL1131,ACITRETIN,5915,RARB,DOID:1612,breast cancer
CHEMBL1265,ADAPALENE,5915,RARB,DOID:1612,breast cancer
CHEMBL1657,TAZAROTENE,5915,RARB,DOID:1612,breast cancer
CHEMBL1201565,EPOETIN ALFA,2057,EPOR,DOID:1612,breast cancer
CHEMBL1201566,DARBEPOETIN ALFA,2057,EPOR,DOID:1612,breast cancer
CHEMBL1963684,PEGINESATIDE ACETATE,2057,EPOR,DOID:1612,breast cancer
CHEMBL2107866,PEGINESATIDE,2057,EPOR,DOID:1612,breast cancer
CHEMBL2108290,EPOETIN THETA,2057,EPOR,DOID:1612,breast cancer
CHEMBL2108593,EPOETIN ZETA,2057,EPOR,DOID:1612,breast cancer
CHEMBL2109092,EPOETIN BETA,2057,EPOR,DOID:1612,breast cancer
CHEMBL2109093,EPOETIN DELTA,2057,EPOR,DOID:1612,breast cancer
CHEMBL3707314,METHOXY POLYETHYLENE GLYCOL-EPOETIN BETA,2057,EPOR,DOID:1612,breast cancer
CHEMBL1201421,PEGAPTANIB SODIUM,7422,VEGFA,DOID:1612,breast cancer
CHEMBL1201583,BEVACIZUMAB,7422,VEGFA,DOID:1612,breast cancer
CHEMBL1201825,RANIBIZUMAB,7422,VEGFA,DOID:1612,breast cancer
CHEMBL1742982,AFLIBERCEPT,7422,VEGFA,DOID:1612,breast cancer
CHEMBL3707357,BROLUCIZUMAB,7422,VEGFA,DOID:1612,breast cancer
CHEMBL4297750,FARICIMAB,7422,VEGFA,DOID:1612,breast cancer
CHEMBL5314727,BEVACIZUMAB GAMMA,7422,VEGFA,DOID:1612,breast cancer
CHEMBL535,SUNITINIB,3815,KIT,DOID:1612,breast cancer
CHEMBL1421,DASATINIB ANHYDROUS,3815,KIT,DOID:1612,breast cancer
CHEMBL1567,SUNITINIB MALATE,3815,KIT,DOID:1612,breast cancer
CHEMBL1642,IMATINIB MESYLATE,3815,KIT,DOID:1612,breast cancer
CHEMBL576982,QUIZARTINIB,3815,KIT,DOID:1612,breast cancer
CHEMBL608533,MIDOSTAURIN,3815,KIT,DOID:1612,breast cancer
CHEMBL1200485,SORAFENIB TOSYLATE,3815,KIT,DOID:1612,breast cancer
CHEMBL1201733,PAZOPANIB HYDROCHLORIDE,3815,KIT,DOID:1612,breast cancer
CHEMBL1946170,REGORAFENIB,3815,KIT,DOID:1612,breast cancer
CHEMBL2105756,TIVOZANIB HYDROCHLORIDE,3815,KIT,DOID:1612,breast cancer
CHEMBL3813873,PEXIDARTINIB,3815,KIT,DOID:1612,breast cancer
CHEMBL3989973,PEXIDARTINIB HYDROCHLORIDE,3815,KIT,DOID:1612,breast cancer
CHEMBL4204794,AVAPRITINIB,3815,KIT,DOID:1612,breast cancer
CHEMBL4216467,RIPRETINIB,3815,KIT,DOID:1612,breast cancer
CHEMBL256997,ATALUREN,6194,RPS6,DOID:1612,breast cancer
CHEMBL2108594,EPTOTERMIN ALFA,90,ACVR1,DOID:1612,breast cancer
CHEMBL2109171,DIBOTERMIN ALFA,90,ACVR1,DOID:1612,breast cancer
CHEMBL5095049,PACRITINIB CITRATE,90,ACVR1,DOID:1612,breast cancer
CHEMBL6068336,MOMELOTINIB DIHYDROCHLORIDE MONOHYDRATE,90,ACVR1,DOID:1612,breast cancer
CHEMBL4101807,VOXELOTOR,3039,HBA1,DOID:1612,breast cancer
CHEMBL1201733,PAZOPANIB HYDROCHLORIDE,2260,FGFR1,DOID:1612,breast cancer
CHEMBL1834657,INFIGRATINIB PHOSPHATE,2260,FGFR1,DOID:1612,breast cancer
CHEMBL1852688,INFIGRATINIB,2260,FGFR1,DOID:1612,breast cancer
CHEMBL1946170,REGORAFENIB,2260,FGFR1,DOID:1612,breast cancer
CHEMBL3039504,NINTEDANIB ESYLATE,2260,FGFR1,DOID:1612,breast cancer
CHEMBL3545376,ERDAFITINIB,2260,FGFR1,DOID:1612,breast cancer
CHEMBL3701238,FUTIBATINIB,2260,FGFR1,DOID:1612,breast cancer
CHEMBL4297522,PEMIGATINIB,2260,FGFR1,DOID:1612,breast cancer
CHEMBL24828,VANDETANIB,1956,EGFR,DOID:1612,breast cancer
CHEMBL939,GEFITINIB,1956,EGFR,DOID:1612,breast cancer
CHEMBL180022,NERATINIB,1956,EGFR,DOID:1612,breast cancer
CHEMBL1079742,ERLOTINIB HYDROCHLORIDE,1956,EGFR,DOID:1612,breast cancer
CHEMBL1201179,LAPATINIB DITOSYLATE,1956,EGFR,DOID:1612,breast cancer
CHEMBL1201577,CETUXIMAB,1956,EGFR,DOID:1612,breast cancer
CHEMBL1201827,PANITUMUMAB,1956,EGFR,DOID:1612,breast cancer
CHEMBL1743047,NECITUMUMAB,1956,EGFR,DOID:1612,breast cancer
CHEMBL2105712,AFATINIB DIMALEATE,1956,EGFR,DOID:1612,breast cancer
CHEMBL2105719,DACOMITINIB,1956,EGFR,DOID:1612,breast cancer
CHEMBL2110732,DACOMITINIB ANHYDROUS,1956,EGFR,DOID:1612,breast cancer
CHEMBL3353410,OSIMERTINIB,1956,EGFR,DOID:1612,breast cancer
CHEMBL3545063,OSIMERTINIB MESYLATE,1956,EGFR,DOID:1612,breast cancer
CHEMBL3545311,BRIGATINIB,1956,EGFR,DOID:1612,breast cancer
CHEMBL3786343,OLMUTINIB,1956,EGFR,DOID:1612,breast cancer
CHEMBL3989921,NERATINIB MALEATE,1956,EGFR,DOID:1612,breast cancer
CHEMBL4297774,AMIVANTAMAB,1956,EGFR,DOID:1612,breast cancer
CHEMBL4558324,LAZERTINIB,1956,EGFR,DOID:1612,breast cancer
CHEMBL4650319,MOBOCERTINIB,1956,EGFR,DOID:1612,breast cancer
CHEMBL4802239,MOBOCERTINIB SUCCINATE,1956,EGFR,DOID:1612,breast cancer
CHEMBL6068478,LAZERTINIB MESYLATE,1956,EGFR,DOID:1612,breast cancer
CHEMBL6622,ISOSORBIDE DINITRATE,2977,GUCY1A2,DOID:1612,breast cancer
CHEMBL730,NITROGLYCERIN,2977,GUCY1A2,DOID:1612,breast cancer
CHEMBL136478,SODIUM NITROPRUSSIDE,2977,GUCY1A2,DOID:1612,breast cancer
CHEMBL1311,ISOSORBIDE MONONITRATE,2977,GUCY1A2,DOID:1612,breast cancer
CHEMBL405110,METHYLENE BLUE ANHYDROUS,2977,GUCY1A2,DOID:1612,breast cancer
CHEMBL1200689,NITRIC OXIDE,2977,GUCY1A2,DOID:1612,breast cancer
CHEMBL2107834,RIOCIGUAT,2977,GUCY1A2,DOID:1612,breast cancer
CHEMBL4066936,VERICIGUAT,2977,GUCY1A2,DOID:1612,breast cancer
CHEMBL1489,AZACITIDINE,1786,DNMT1,DOID:1612,breast cancer
CHEMBL1201129,DECITABINE,1786,DNMT1,DOID:1612,breast cancer
CHEMBL189963,PALBOCICLIB,595,CCND1,DOID:1612,breast cancer
CHEMBL24828,VANDETANIB,2065,ERBB3,DOID:1612,breast cancer
CHEMBL4298025,ZENOCUTUZUMAB,2065,ERBB3,DOID:1612,breast cancer
CHEMBL256997,ATALUREN,6202,RPS8,DOID:1612,breast cancer
CHEMBL19449,IBUDILAST,5144,PDE4D,DOID:1612,breast cancer
CHEMBL628,PENTOXIFYLLINE,5144,PDE4D,DOID:1612,breast cancer
CHEMBL932,DIPYRIDAMOLE,5144,PDE4D,DOID:1612,breast cancer
CHEMBL1096,AMLEXANOX,5144,PDE4D,DOID:1612,breast cancer
CHEMBL193240,ROFLUMILAST,5144,PDE4D,DOID:1612,breast cancer
CHEMBL514800,APREMILAST,5144,PDE4D,DOID:1612,breast cancer
CHEMBL484785,CRISABOROLE,5144,PDE4D,DOID:1612,breast cancer
CHEMBL1752,DYPHYLLINE,5144,PDE4D,DOID:1612,breast cancer
CHEMBL1200434,OXTRIPHYLLINE,5144,PDE4D,DOID:1612,breast cancer
CHEMBL1200578,THEOPHYLLINE SODIUM GLYCINATE,5144,PDE4D,DOID:1612,breast cancer
CHEMBL1200875,FLAVOXATE HYDROCHLORIDE,5144,PDE4D,DOID:1612,breast cancer
CHEMBL1355736,THEOPHYLLINE,5144,PDE4D,DOID:1612,breast cancer
CHEMBL1370561,AMINOPHYLLINE,5144,PDE4D,DOID:1612,breast cancer
CHEMBL4594287,ENSIFENTRINE,5144,PDE4D,DOID:1612,breast cancer
CHEMBL313972,MASOPROCOL,3480,IGF1R,DOID:1612,breast cancer
CHEMBL1201717,MECASERMIN RINFABATE,3480,IGF1R,DOID:1612,breast cancer
CHEMBL1201716,MECASERMIN,3480,IGF1R,DOID:1612,breast cancer
CHEMBL1743079,TEPROTUMUMAB,3480,IGF1R,DOID:1612,breast cancer
CHEMBL282724,SITAXENTAN,1910,EDNRB,DOID:1612,breast cancer
CHEMBL957,BOSENTAN,1910,EDNRB,DOID:1612,breast cancer
CHEMBL1111,AMBRISENTAN,1910,EDNRB,DOID:1612,breast cancer
CHEMBL2103873,MACITENTAN,1910,EDNRB,DOID:1612,breast cancer
CHEMBL2105740,SITAXENTAN SODIUM,1910,EDNRB,DOID:1612,breast cancer
CHEMBL2165326,APROCITENTAN,1910,EDNRB,DOID:1612,breast cancer
CHEMBL559,DEXTROTHYROXINE,7068,THRB,DOID:1612,breast cancer
CHEMBL1544,LIOTHYRONINE,7068,THRB,DOID:1612,breast cancer
CHEMBL1201119,LIOTHYRONINE SODIUM,7068,THRB,DOID:1612,breast cancer
CHEMBL2103741,LEVOTHYROXINE SODIUM,7068,THRB,DOID:1612,breast cancer
CHEMBL3261331,RESMETIROM,7068,THRB,DOID:1612,breast cancer
CHEMBL3545058,DEXTROTHYROXINE SODIUM,7068,THRB,DOID:1612,breast cancer
CHEMBL4297841,TISOTUMAB VEDOTIN,2152,F3,DOID:1612,breast cancer
CHEMBL1742994,BRENTUXIMAB VEDOTIN,943,TNFRSF8,DOID:1612,breast cancer
CHEMBL995,LOSARTAN POTASSIUM,185,AGTR1,DOID:1612,breast cancer
CHEMBL1014,CANDESARTAN CILEXETIL,185,AGTR1,DOID:1612,breast cancer
CHEMBL1017,TELMISARTAN,185,AGTR1,DOID:1612,breast cancer
CHEMBL1069,VALSARTAN,185,AGTR1,DOID:1612,breast cancer
CHEMBL539423,SPARSENTAN,185,AGTR1,DOID:1612,breast cancer
CHEMBL1513,IRBESARTAN,185,AGTR1,DOID:1612,breast cancer
CHEMBL1200670,SARALASIN ACETATE,185,AGTR1,DOID:1612,breast cancer
CHEMBL1200692,OLMESARTAN MEDOXOMIL,185,AGTR1,DOID:1612,breast cancer
CHEMBL1200987,EPROSARTAN MESYLATE,185,AGTR1,DOID:1612,breast cancer
CHEMBL2103795,AZILSARTAN KAMEDOXOMIL,185,AGTR1,DOID:1612,breast cancer
CHEMBL3989932,ANGIOTENSIN II ACETATE,185,AGTR1,DOID:1612,breast cancer
CHEMBL6068339,IRBESARTAN HYDROCHLORIDE,185,AGTR1,DOID:1612,breast cancer
CHEMBL409,BICALUTAMIDE,367,AR,DOID:1612,breast cancer
CHEMBL806,FLUTAMIDE,367,AR,DOID:1612,breast cancer
CHEMBL1170,TESTOSTERONE PROPIONATE,367,AR,DOID:1612,breast cancer
CHEMBL1274,NILUTAMIDE,367,AR,DOID:1612,breast cancer
CHEMBL1395,METHYLTESTOSTERONE,367,AR,DOID:1612,breast cancer
CHEMBL386630,TESTOSTERONE,367,AR,DOID:1612,breast cancer
CHEMBL1445,FLUOXYMESTERONE,367,AR,DOID:1612,breast cancer
CHEMBL1479,DANAZOL,367,AR,DOID:1612,breast cancer
CHEMBL1082407,ENZALUTAMIDE,367,AR,DOID:1612,breast cancer
CHEMBL1200335,TESTOSTERONE ENANTHATE,367,AR,DOID:1612,breast cancer
CHEMBL1200412,NANDROLONE PHENPROPIONATE,367,AR,DOID:1612,breast cancer
CHEMBL1200436,OXANDROLONE,367,AR,DOID:1612,breast cancer
CHEMBL1200585,OXYMETHOLONE,367,AR,DOID:1612,breast cancer
CHEMBL1200623,ETHYLESTRENOL,367,AR,DOID:1612,breast cancer
CHEMBL1200946,NANDROLONE DECANOATE,367,AR,DOID:1612,breast cancer
CHEMBL1201048,DROMOSTANOLONE PROPIONATE,367,AR,DOID:1612,breast cancer
CHEMBL1201101,TESTOSTERONE CYPIONATE,367,AR,DOID:1612,breast cancer
CHEMBL1418176,METHANDROSTENOLONE,367,AR,DOID:1612,breast cancer
CHEMBL2079587,STANOZOLOL,367,AR,DOID:1612,breast cancer
CHEMBL2107067,TESTOSTERONE UNDECANOATE,367,AR,DOID:1612,breast cancer
CHEMBL3183409,APALUTAMIDE,367,AR,DOID:1612,breast cancer
CHEMBL3590187,CLASCOTERONE,367,AR,DOID:1612,breast cancer
CHEMBL4297185,DAROLUTAMIDE,367,AR,DOID:1612,breast cancer
CHEMBL18442,PLERIXAFOR,7852,CXCR4,DOID:1612,breast cancer
CHEMBL518924,MAVORIXAFOR,7852,CXCR4,DOID:1612,breast cancer
CHEMBL4298138,REPOTRECTINIB,972,CD74,DOID:1612,breast cancer
CHEMBL2108581,CATUMAXOMAB,4072,EPCAM,DOID:1612,breast cancer
CHEMBL2325741,CAPIVASERTIB,207,AKT1,DOID:1612,breast cancer
CHEMBL636,RIVASTIGMINE,590,BCHE,DOID:1612,breast cancer
CHEMBL1677,TACRINE HYDROCHLORIDE,590,BCHE,DOID:1612,breast cancer
CHEMBL1201092,RIVASTIGMINE TARTRATE,590,BCHE,DOID:1612,breast cancer
CHEMBL2105345,PROPANIDID,590,BCHE,DOID:1612,breast cancer
CHEMBL1334033,PERHEXILINE MALEATE,2475,MTOR,DOID:1612,breast cancer
CHEMBL256997,ATALUREN,6160,RPL31,DOID:1612,breast cancer
CHEMBL1201821,PALIFERMIN,2263,FGFR2,DOID:1612,breast cancer
CHEMBL1834657,INFIGRATINIB PHOSPHATE,2263,FGFR2,DOID:1612,breast cancer
CHEMBL1852688,INFIGRATINIB,2263,FGFR2,DOID:1612,breast cancer
CHEMBL1946170,REGORAFENIB,2263,FGFR2,DOID:1612,breast cancer
CHEMBL2108081,TRAFERMIN,2263,FGFR2,DOID:1612,breast cancer
CHEMBL3039504,NINTEDANIB ESYLATE,2263,FGFR2,DOID:1612,breast cancer
CHEMBL3545376,ERDAFITINIB,2263,FGFR2,DOID:1612,breast cancer
CHEMBL3701238,FUTIBATINIB,2263,FGFR2,DOID:1612,breast cancer
CHEMBL4297522,PEMIGATINIB,2263,FGFR2,DOID:1612,breast cancer
CHEMBL3989958,IVOSIDENIB,3417,IDH1,DOID:1612,breast cancer
CHEMBL4279047,VORASIDENIB,3417,IDH1,DOID:1612,breast cancer
CHEMBL4297610,OLUTASIDENIB,3417,IDH1,DOID:1612,breast cancer
CHEMBL846,CALCITRIOL,7421,VDR,DOID:1612,breast cancer
CHEMBL1042,CHOLECALCIFEROL,7421,VDR,DOID:1612,breast cancer
CHEMBL1536,ERGOCALCIFEROL,7421,VDR,DOID:1612,breast cancer
CHEMBL1200622,PARICALCITOL,7421,VDR,DOID:1612,breast cancer
CHEMBL1200666,CALCIPOTRIENE,7421,VDR,DOID:1612,breast cancer
CHEMBL1200810,DOXERCALCIFEROL,7421,VDR,DOID:1612,breast cancer
CHEMBL3544909,CALCIFEDIOL,7421,VDR,DOID:1612,breast cancer
CHEMBL295698,LEVOKETOCONAZOLE,1586,CYP17A1,DOID:1612,breast cancer
CHEMBL271227,ABIRATERONE ACETATE,1586,CYP17A1,DOID:1612,breast cancer
CHEMBL601719,CRIZOTINIB,238,ALK,DOID:1612,breast cancer
CHEMBL1983268,ENTRECTINIB,238,ALK,DOID:1612,breast cancer
CHEMBL2403108,CERITINIB,238,ALK,DOID:1612,breast cancer
CHEMBL3286830,LORLATINIB,238,ALK,DOID:1612,breast cancer
CHEMBL3545311,BRIGATINIB,238,ALK,DOID:1612,breast cancer
CHEMBL3707320,ALECTINIB HYDROCHLORIDE,238,ALK,DOID:1612,breast cancer
CHEMBL4113131,ENSARTINIB,238,ALK,DOID:1612,breast cancer
CHEMBL1200485,SORAFENIB TOSYLATE,673,BRAF,DOID:1612,breast cancer
CHEMBL1229517,VEMURAFENIB,673,BRAF,DOID:1612,breast cancer
CHEMBL1946170,REGORAFENIB,673,BRAF,DOID:1612,breast cancer
CHEMBL2105729,DABRAFENIB MESYLATE,673,BRAF,DOID:1612,breast cancer
CHEMBL3301612,ENCORAFENIB,673,BRAF,DOID:1612,breast cancer
CHEMBL3348923,TOVORAFENIB,673,BRAF,DOID:1612,breast cancer
CHEMBL428647,PACLITAXEL,10381,TUBB3,DOID:1612,breast cancer
CHEMBL92,DOCETAXEL ANHYDROUS,10381,TUBB3,DOID:1612,breast cancer
CHEMBL107,COLCHICINE,10381,TUBB3,DOID:1612,breast cancer
CHEMBL378544,VINBLASTINE SULFATE,10381,TUBB3,DOID:1612,breast cancer
CHEMBL501867,VINCRISTINE SULFATE,10381,TUBB3,DOID:1612,breast cancer
CHEMBL538943,VINORELBINE TARTRATE,10381,TUBB3,DOID:1612,breast cancer
CHEMBL1201748,CABAZITAXEL,10381,TUBB3,DOID:1612,breast cancer
CHEMBL1201752,IXABEPILONE,10381,TUBB3,DOID:1612,breast cancer
CHEMBL1683544,ERIBULIN MESYLATE,10381,TUBB3,DOID:1612,breast cancer
CHEMBL1742994,BRENTUXIMAB VEDOTIN,10381,TUBB3,DOID:1612,breast cancer
CHEMBL1743082,TRASTUZUMAB EMTANSINE,10381,TUBB3,DOID:1612,breast cancer
CHEMBL2105629,VINFLUNINE DITARTRATE,10381,TUBB3,DOID:1612,breast cancer
CHEMBL2110725,VINFLUNINE,10381,TUBB3,DOID:1612,breast cancer
CHEMBL3301582,POLATUZUMAB VEDOTIN,10381,TUBB3,DOID:1612,breast cancer
CHEMBL3301589,ENFORTUMAB VEDOTIN,10381,TUBB3,DOID:1612,breast cancer
CHEMBL3545132,MIRVETUXIMAB SORAVTANSINE,10381,TUBB3,DOID:1612,breast cancer
CHEMBL3545252,DOCETAXEL,10381,TUBB3,DOID:1612,breast cancer
CHEMBL4297841,TISOTUMAB VEDOTIN,10381,TUBB3,DOID:1612,breast cancer
CHEMBL4298209,BELANTAMAB MAFODOTIN,10381,TUBB3,DOID:1612,breast cancer
CHEMBL256997,ATALUREN,6147,RPL23A,DOID:1612,breast cancer
CHEMBL636,RIVASTIGMINE,43,ACHE,DOID:1612,breast cancer
CHEMBL278819,MINAPRINE,43,ACHE,DOID:1612,breast cancer
CHEMBL748,PRALIDOXIME CHLORIDE,43,ACHE,DOID:1612,breast cancer
CHEMBL812,PYRIDOSTIGMINE BROMIDE,43,ACHE,DOID:1612,breast cancer
CHEMBL1025,ISOFLUROPHATE,43,ACHE,DOID:1612,breast cancer
CHEMBL1128,EDROPHONIUM CHLORIDE,43,ACHE,DOID:1612,breast cancer
CHEMBL211471,NEOSTIGMINE METHYLSULFATE,43,ACHE,DOID:1612,breast cancer
CHEMBL1555,GALANTAMINE HYDROBROMIDE,43,ACHE,DOID:1612,breast cancer
CHEMBL1677,TACRINE HYDROCHLORIDE,43,ACHE,DOID:1612,breast cancer
CHEMBL1678,DONEPEZIL HYDROCHLORIDE,43,ACHE,DOID:1612,breast cancer
CHEMBL1200367,ECHOTHIOPHATE IODIDE,43,ACHE,DOID:1612,breast cancer
CHEMBL1200514,DEMECARIUM BROMIDE,43,ACHE,DOID:1612,breast cancer
CHEMBL1200541,AMBENONIUM CHLORIDE,43,ACHE,DOID:1612,breast cancer
CHEMBL1200933,HEXAFLUORENIUM BROMIDE,43,ACHE,DOID:1612,breast cancer
CHEMBL1201092,RIVASTIGMINE TARTRATE,43,ACHE,DOID:1612,breast cancer
CHEMBL1201341,ECHOTHIOPHATE,43,ACHE,DOID:1612,breast cancer
CHEMBL1364551,MINAPRINE HYDROCHLORIDE,43,ACHE,DOID:1612,breast cancer
CHEMBL2105345,PROPANIDID,43,ACHE,DOID:1612,breast cancer
CHEMBL6068431,BENZGALANTAMINE GLUCONATE,43,ACHE,DOID:1612,breast cancer
CHEMBL24828,VANDETANIB,2064,ERBB2,DOID:1612,breast cancer
CHEMBL313972,MASOPROCOL,2064,ERBB2,DOID:1612,breast cancer
CHEMBL180022,NERATINIB,2064,ERBB2,DOID:1612,breast cancer
CHEMBL1201179,LAPATINIB DITOSYLATE,2064,ERBB2,DOID:1612,breast cancer
CHEMBL1201585,TRASTUZUMAB,2064,ERBB2,DOID:1612,breast cancer
CHEMBL1743082,TRASTUZUMAB EMTANSINE,2064,ERBB2,DOID:1612,breast cancer
CHEMBL2007641,PERTUZUMAB,2064,ERBB2,DOID:1612,breast cancer
CHEMBL2105712,AFATINIB DIMALEATE,2064,ERBB2,DOID:1612,breast cancer
CHEMBL2105719,DACOMITINIB,2064,ERBB2,DOID:1612,breast cancer
CHEMBL2110732,DACOMITINIB ANHYDROUS,2064,ERBB2,DOID:1612,breast cancer
CHEMBL2364649,MARGETUXIMAB,2064,ERBB2,DOID:1612,breast cancer
CHEMBL3989868,TUCATINIB,2064,ERBB2,DOID:1612,breast cancer
CHEMBL3989921,NERATINIB MALEATE,2064,ERBB2,DOID:1612,breast cancer
CHEMBL4297844,TRASTUZUMAB DERUXTECAN,2064,ERBB2,DOID:1612,breast cancer
CHEMBL4298025,ZENOCUTUZUMAB,2064,ERBB2,DOID:1612,breast cancer
CHEMBL4650256,ZANIDATAMAB,2064,ERBB2,DOID:1612,breast cancer
CHEMBL256997,ATALUREN,6201,RPS7,DOID:1612,breast cancer
CHEMBL495,ALPROSTADIL,5731,PTGER1,DOID:1612,breast cancer
CHEMBL548,DINOPROSTONE,5731,PTGER1,DOID:1612,breast cancer
CHEMBL3989977,EMAPALUMAB,3458,IFNG,DOID:1612,breast cancer
CHEMBL6,INDOMETHACIN,5743,PTGS2,DOID:1612,breast cancer
CHEMBL421,SULFASALAZINE,5743,PTGS2,DOID:1612,breast cancer
CHEMBL25,ASPIRIN,5743,PTGS2,DOID:1612,breast cancer
CHEMBL416146,ETORICOXIB,5743,PTGS2,DOID:1612,breast cancer
CHEMBL521,IBUPROFEN,5743,PTGS2,DOID:1612,breast cancer
CHEMBL13376,CLOMETACIN,5743,PTGS2,DOID:1612,breast cancer
CHEMBL527,PIROXICAM,5743,PTGS2,DOID:1612,breast cancer
CHEMBL101,PHENYLBUTAZONE,5743,PTGS2,DOID:1612,breast cancer
CHEMBL563,FLURBIPROFEN,5743,PTGS2,DOID:1612,breast cancer
CHEMBL112,ACETAMINOPHEN,5743,PTGS2,DOID:1612,breast cancer
CHEMBL15770,SULINDAC,5743,PTGS2,DOID:1612,breast cancer
CHEMBL15677,FENCLOFENAC,5743,PTGS2,DOID:1612,breast cancer
CHEMBL571,KETOPROFEN,5743,PTGS2,DOID:1612,breast cancer
CHEMBL15870,INDOPROFEN,5743,PTGS2,DOID:1612,breast cancer
CHEMBL118,CELECOXIB,5743,PTGS2,DOID:1612,breast cancer
CHEMBL599,MELOXICAM,5743,PTGS2,DOID:1612,breast cancer
CHEMBL122,ROFECOXIB,5743,PTGS2,DOID:1612,breast cancer
CHEMBL19299,LOXOPROFEN,5743,PTGS2,DOID:1612,breast cancer
CHEMBL622,ETODOLAC,5743,PTGS2,DOID:1612,breast cancer
CHEMBL139,DICLOFENAC,5743,PTGS2,DOID:1612,breast cancer
CHEMBL686,MEFENAMIC ACID,5743,PTGS2,DOID:1612,breast cancer
CHEMBL704,MESALAMINE,5743,PTGS2,DOID:1612,breast cancer
CHEMBL154,NAPROXEN,5743,PTGS2,DOID:1612,breast cancer
CHEMBL865,VALDECOXIB,5743,PTGS2,DOID:1612,breast cancer
CHEMBL296913,PARECOXIB SODIUM,5743,PTGS2,DOID:1612,breast cancer
CHEMBL898,DIFLUNISAL,5743,PTGS2,DOID:1612,breast cancer
CHEMBL53292,ISOXICAM,5743,PTGS2,DOID:1612,breast cancer
CHEMBL956,SUPROFEN,5743,PTGS2,DOID:1612,breast cancer
CHEMBL75435,DEXKETOPROFEN,5743,PTGS2,DOID:1612,breast cancer
CHEMBL1021,NEPAFENAC,5743,PTGS2,DOID:1612,breast cancer
CHEMBL1034,DICLOFENAC SODIUM,5743,PTGS2,DOID:1612,breast cancer
CHEMBL1070,NABUMETONE,5743,PTGS2,DOID:1612,breast cancer
CHEMBL1071,OXAPROZIN,5743,PTGS2,DOID:1612,breast cancer
CHEMBL1120,BISMUTH SUBSALICYLATE,5743,PTGS2,DOID:1612,breast cancer
CHEMBL341812,IBUFENAC,5743,PTGS2,DOID:1612,breast cancer
CHEMBL146095,GLAFENINE,5743,PTGS2,DOID:1612,breast cancer
CHEMBL1316,CARPROFEN,5743,PTGS2,DOID:1612,breast cancer
CHEMBL188952,PIRPROFEN,5743,PTGS2,DOID:1612,breast cancer
CHEMBL435298,ESFLURBIPROFEN,5743,PTGS2,DOID:1612,breast cancer
CHEMBL175,DEXIBUPROFEN,5743,PTGS2,DOID:1612,breast cancer
CHEMBL404108,LUMIRACOXIB,5743,PTGS2,DOID:1612,breast cancer
CHEMBL1200463,OXAPROZIN POTASSIUM,5743,PTGS2,DOID:1612,breast cancer
CHEMBL1200613,TOLMETIN SODIUM,5743,PTGS2,DOID:1612,breast cancer
CHEMBL1200760,BALSALAZIDE DISODIUM,5743,PTGS2,DOID:1612,breast cancer
CHEMBL1200804,DICLOFENAC POTASSIUM,5743,PTGS2,DOID:1612,breast cancer
CHEMBL1200806,NAPROXEN SODIUM,5743,PTGS2,DOID:1612,breast cancer
CHEMBL1201013,OLSALAZINE SODIUM,5743,PTGS2,DOID:1612,breast cancer
CHEMBL1201124,KETOROLAC TROMETHAMINE,5743,PTGS2,DOID:1612,breast cancer
CHEMBL1201141,IBUPROFEN LYSINE,5743,PTGS2,DOID:1612,breast cancer
CHEMBL1201180,DICLOFENAC EPOLAMINE,5743,PTGS2,DOID:1612,breast cancer
CHEMBL1206690,PARECOXIB,5743,PTGS2,DOID:1612,breast cancer
CHEMBL1562610,MECLOFENAMATE SODIUM,5743,PTGS2,DOID:1612,breast cancer
CHEMBL2103736,FENOPROFEN CALCIUM,5743,PTGS2,DOID:1612,breast cancer
CHEMBL3181947,BROMFENAC SODIUM,5743,PTGS2,DOID:1612,breast cancer
CHEMBL3989408,IBUPROFEN SODIUM,5743,PTGS2,DOID:1612,breast cancer
CHEMBL3989410,INDOMETHACIN SODIUM,5743,PTGS2,DOID:1612,breast cancer
CHEMBL3989676,OXYPHENBUTAZONE,5743,PTGS2,DOID:1612,breast cancer
CHEMBL3989754,FLURBIPROFEN SODIUM,5743,PTGS2,DOID:1612,breast cancer
CHEMBL3989803,DIPYRONE,5743,PTGS2,DOID:1612,breast cancer
CHEMBL535,SUNITINIB,2321,FLT1,DOID:1612,breast cancer
CHEMBL24828,VANDETANIB,2321,FLT1,DOID:1612,breast cancer
CHEMBL1567,SUNITINIB MALATE,2321,FLT1,DOID:1612,breast cancer
CHEMBL1200485,SORAFENIB TOSYLATE,2321,FLT1,DOID:1612,breast cancer
CHEMBL1201733,PAZOPANIB HYDROCHLORIDE,2321,FLT1,DOID:1612,breast cancer
CHEMBL1289494,TIVOZANIB,2321,FLT1,DOID:1612,breast cancer
CHEMBL1289926,AXITINIB,2321,FLT1,DOID:1612,breast cancer
CHEMBL1946170,REGORAFENIB,2321,FLT1,DOID:1612,breast cancer
CHEMBL2105704,LENVATINIB MESYLATE,2321,FLT1,DOID:1612,breast cancer
CHEMBL2105756,TIVOZANIB HYDROCHLORIDE,2321,FLT1,DOID:1612,breast cancer
CHEMBL3039504,NINTEDANIB ESYLATE,2321,FLT1,DOID:1612,breast cancer
CHEMBL4303214,FRUQUINTINIB,2321,FLT1,DOID:1612,breast cancer
CHEMBL2216870,IDELALISIB,5293,PIK3CD,DOID:1612,breast cancer
CHEMBL3218576,COPANLISIB,5293,PIK3CD,DOID:1612,breast cancer
CHEMBL3545068,COPANLISIB HYDROCHLORIDE,5293,PIK3CD,DOID:1612,breast cancer
CHEMBL3643413,LENIOLISIB,5293,PIK3CD,DOID:1612,breast cancer
CHEMBL3989869,UMBRALISIB TOSYLATE,5293,PIK3CD,DOID:1612,breast cancer
CHEMBL3989909,LENIOLISIB PHOSPHATE,5293,PIK3CD,DOID:1612,breast cancer
CHEMBL5315125,DUVELISIB MONOHYDRATE,5293,PIK3CD,DOID:1612,breast cancer
CHEMBL3039545,LUSPATERCEPT,7042,TGFB2,DOID:1612,breast cancer
CHEMBL521686,OLAPARIB,142,PARP1,DOID:1612,breast cancer
CHEMBL1094636,NIRAPARIB,142,PARP1,DOID:1612,breast cancer
CHEMBL1173055,RUCAPARIB,142,PARP1,DOID:1612,breast cancer
CHEMBL3137318,TALAZOPARIB TOSYLATE,142,PARP1,DOID:1612,breast cancer
CHEMBL3137320,TALAZOPARIB,142,PARP1,DOID:1612,breast cancer
CHEMBL3833368,RUCAPARIB CAMSYLATE,142,PARP1,DOID:1612,breast cancer
CHEMBL3989922,NIRAPARIB TOSYLATE MONOHYDRATE,142,PARP1,DOID:1612,breast cancer
CHEMBL18,ETHOXZOLAMIDE,768,CA9,DOID:1612,breast cancer
CHEMBL259571,TAPINAROF,196,AHR,DOID:1612,breast cancer
CHEMBL1201550,DENILEUKIN DIFTITOX,1938,EEF2,DOID:1612,breast cancer
CHEMBL1743043,MOXETUMOMAB PASUDOTOX,1938,EEF2,DOID:1612,breast cancer
CHEMBL4297573,TAGRAXOFUSP,1938,EEF2,DOID:1612,breast cancer
CHEMBL601719,CRIZOTINIB,4233,MET,DOID:1612,breast cancer
CHEMBL2103868,CABOZANTINIB S-MALATE,4233,MET,DOID:1612,breast cancer
CHEMBL2108332,BEPERMINOGENE PERPLASMID,4233,MET,DOID:1612,breast cancer
CHEMBL3188267,CAPMATINIB,4233,MET,DOID:1612,breast cancer
CHEMBL3402762,TEPOTINIB,4233,MET,DOID:1612,breast cancer
CHEMBL3989937,CAPMATINIB HYDROCHLORIDE,4233,MET,DOID:1612,breast cancer
CHEMBL4297774,AMIVANTAMAB,4233,MET,DOID:1612,breast cancer
CHEMBL4594292,TEPOTINIB HYDROCHLORIDE,4233,MET,DOID:1612,breast cancer
CHEMBL24828,VANDETANIB,6714,SRC,DOID:1612,breast cancer
CHEMBL288441,BOSUTINIB,6714,SRC,DOID:1612,breast cancer
CHEMBL1421,DASATINIB ANHYDROUS,6714,SRC,DOID:1612,breast cancer
CHEMBL571546,TIRBANIBULIN,6714,SRC,DOID:1612,breast cancer
CHEMBL1201830,RILONACEPT,3553,IL1B,DOID:1612,breast cancer
CHEMBL1201834,CANAKINUMAB,3553,IL1B,DOID:1612,breast cancer
CHEMBL1703,METFORMIN HYDROCHLORIDE,4722,NDUFS3,DOID:1612,breast cancer
CHEMBL464,ETRETINATE,6257,RXRB,DOID:1612,breast cancer
CHEMBL705,ALITRETINOIN,6257,RXRB,DOID:1612,breast cancer
CHEMBL1023,BEXAROTENE,6257,RXRB,DOID:1612,breast cancer
CHEMBL1131,ACITRETIN,6257,RXRB,DOID:1612,breast cancer
CHEMBL4594260,TAZEMETOSTAT HYDROBROMIDE,2146,EZH2,DOID:1612,breast cancer
CHEMBL284348,DALFAMPRIDINE,3756,KCNH1,DOID:1612,breast cancer
CHEMBL354077,AMIFAMPRIDINE,3756,KCNH1,DOID:1612,breast cancer
CHEMBL1200728,GUANIDINE HYDROCHLORIDE,3756,KCNH1,DOID:1612,breast cancer
CHEMBL3301611,AMIFAMPRIDINE PHOSPHATE,3756,KCNH1,DOID:1612,breast cancer
CHEMBL1489,AZACITIDINE,1788,DNMT3A,DOID:1612,breast cancer
CHEMBL1201129,DECITABINE,1788,DNMT3A,DOID:1612,breast cancer
CHEMBL953,ENTACAPONE,1312,COMT,DOID:1612,breast cancer
CHEMBL1324,TOLCAPONE,1312,COMT,DOID:1612,breast cancer
CHEMBL1089318,OPICAPONE,1312,COMT,DOID:1612,breast cancer
CHEMBL1200699,DOXYCYCLINE,4312,MMP1,DOID:1612,breast cancer
CHEMBL2364574,DOXYCYCLINE CALCIUM,4312,MMP1,DOID:1612,breast cancer
CHEMBL3989740,DOXYCYCLINE HYCLATE,4312,MMP1,DOID:1612,breast cancer
CHEMBL1237023,DENOSUMAB,8600,TNFSF11,DOID:1612,breast cancer
CHEMBL535,SUNITINIB,1436,CSF1R,DOID:1612,breast cancer
CHEMBL1567,SUNITINIB MALATE,1436,CSF1R,DOID:1612,breast cancer
CHEMBL576982,QUIZARTINIB,1436,CSF1R,DOID:1612,breast cancer
CHEMBL1201733,PAZOPANIB HYDROCHLORIDE,1436,CSF1R,DOID:1612,breast cancer
CHEMBL3813873,PEXIDARTINIB,1436,CSF1R,DOID:1612,breast cancer
CHEMBL3989973,PEXIDARTINIB HYDROCHLORIDE,1436,CSF1R,DOID:1612,breast cancer
CHEMBL4594608,AXATILIMAB,1436,CSF1R,DOID:1612,breast cancer
CHEMBL3707328,GALCANEZUMAB,796,CALCA,DOID:1612,breast cancer
CHEMBL3833320,EPTINEZUMAB,796,CALCA,DOID:1612,breast cancer
CHEMBL4297756,FREMANEZUMAB,796,CALCA,DOID:1612,breast cancer
CHEMBL2325741,CAPIVASERTIB,208,AKT2,DOID:1612,breast cancer
CHEMBL1743070,SILTUXIMAB,3569,IL6,DOID:1612,breast cancer
CHEMBL1201572,ETANERCEPT,7124,TNF,DOID:1612,breast cancer
CHEMBL1201580,ADALIMUMAB,7124,TNF,DOID:1612,breast cancer
CHEMBL1201581,INFLIXIMAB,7124,TNF,DOID:1612,breast cancer
CHEMBL1201831,CERTOLIZUMAB PEGOL,7124,TNF,DOID:1612,breast cancer
CHEMBL1201833,GOLIMUMAB,7124,TNF,DOID:1612,breast cancer